"processes";"computing time [s]"
1;0.000424
1;0.000426
1;0.000427
1;0.000428
1;0.000429
1;0.000458
1;0.000440
1;0.000431
1;0.000440
1;0.000441
2;0.000480
2;0.000478
2;0.000495
2;0.000487
2;0.000495
2;0.000545
2;0.000476
2;0.000481
2;0.000475
2;0.000472
3;0.000504
3;0.000510
3;0.000503
3;0.000504
3;0.000533
3;0.000518
3;0.000516
3;0.000500
3;0.000507
3;0.000510
4;0.000506
4;0.000482
4;0.000502
4;0.000504
4;0.000474
4;0.000493
4;0.000487
4;0.000582
4;0.000487
4;0.000473
5;0.000490
5;0.000504
5;0.000477
5;0.000490
5;0.000494
5;0.000485
5;0.000526
5;0.000495
5;0.000482
5;0.000500
6;0.000516
6;0.000512
6;0.000517
6;0.000498
6;0.000517
6;0.000517
6;0.000512
6;0.000515
6;0.000515
6;0.000508
7;0.000470
7;0.000469
7;0.000465
7;0.000455
7;0.000478
7;0.000485
7;0.000518
7;0.000484
7;0.000503
7;0.000462
8;0.000503
8;0.000495
8;0.000469
8;0.000532
8;0.000512
8;0.000487
8;0.000511
8;0.000491
8;0.000461
8;0.000463
9;0.000532
9;0.000540
9;0.000586
9;0.000542
9;0.000539
9;0.000524
9;0.000557
9;0.000540
9;0.000555
9;0.000615
10;0.000613
10;0.000638
10;0.000679
10;0.001207
10;0.000670
10;0.000613
10;0.000592
10;0.000566
10;0.000525
10;0.000615
11;0.001112
11;0.000570
11;0.000581
11;0.000607
11;0.000594
11;0.000582
11;0.000663
11;0.000599
11;0.000632
11;0.000681
12;0.000702
12;0.000668
12;0.000619
12;0.000662
12;0.000625
12;0.000659
12;0.000654
12;0.000672
12;0.000615
12;0.000660
13;0.000759
13;0.000688
13;0.000832
13;0.000658
13;0.000750
13;0.000711
13;0.000641
13;0.000706
13;0.000692
13;0.000741
14;0.000692
14;0.000716
14;0.000833
14;0.000717
14;0.000841
14;0.000714
14;0.000856
14;0.000701
14;0.000725
14;0.000768
15;0.000717
15;0.000778
15;0.000739
15;0.000736
15;0.000803
15;0.000784
15;0.000767
15;0.000764
15;0.000750
15;0.000719
16;0.000724
16;0.000812
16;0.000745
16;0.000816
16;0.000783
16;0.000807
16;0.000746
16;0.000758
16;0.000804
16;0.000755
